,Unnamed: 0,website_url
0,0,https://www.booking.com/index.html?aid=1743217
1,1,https://travelsites.com/expedia/
2,2,https://travelsites.com/tripadvisor/
3,3,https://www.momondo.in/?ispredir=true
4,4,https://www.ebookers.com/?AFFCID=EBOOKERS-UK.network.affiliatewindow.85386&awc=7904_1606029543_518c2af76500871f76cadec26f8eb055
5,5,https://book.priceline.com/?refid=8431&refclickid=d196c1c3cad4c6e474196ac6815f9652
6,6,https://www.trip.com/index?locale=en_us&allianceid=21934&SID=455408&ouid=198c18a52c8911eb811b00ce0a18050d
7,7,https://www.orbitz.com/
8,8,https://www.travelocity.com/
9,9,https://www.hotwire.com/
10,10,https://www.otel.com/
11,11,https://www.ebookers.com/?AFFCID=EBOOKERS-UK.network.affiliatewindow.85386&awc=7904_1606041576_a3c281bcb3eae0af35b22b076d1074ae
12,12,https://www.airbnb.co.in/?locale=en&_set_bev_on_new_domain=1606041642_YjI0OGQ3OWI5MDI2
13,13,https://in.lastminute.com/
14,14,https://www.onthebeach.co.uk/?Adnetwork=aw&afid=85386&mv_pc=AW&awc=3655_1606041657_3771582e5a1d8da6c1b3321d83f9f0c4&utm_source=AWIN&utm_medium=affiliates&utm_campaign=85386
15,15,https://www.kayak.co.in/?ispredir=true
16,16,https://www.marriott.com/default.mi?aff=MARWW&affname=10l1110&co=WW&nt=PH
17,17,https://www.costcotravel.com/
18,18,https://www.hoteltonight.com/
19,19,https://hoteltravelclub.com/
20,20,https://www.wyndhamhotels.com/en-uk/ramada
21,21,https://westin.marriott.com/
22,22,https://www.capellahotels.com/en/capella-ubud
23,23,http://www.hotelamparo.com/
24,24,https://fogoislandinn.ca/
25,25,https://www.ritzcarlton.com/en/hotels/indonesia/bali#Hotel
26,26,https://secretbay.dm/
27,27,https://canaves.com/canaves-oia-epitome/
28,28,https://www.sunsetkeycottages.com/
29,29,https://www.twinfarms.com/
30,30,https://www.pueblobonito.com/resorts/emerald-bay
31,31,https://nihi.com/
32,32,https://www.viceroyhotelsandresorts.com/los-cabos
33,33,https://www.mandarinoriental.com/munich/altstadt/luxury-hotel
34,34,https://northblockhotel.com/
35,35,https://www.milestonehotel.com/?cjevent=4ec1f2f92cc511eb834e01140a180510
36,36,https://www.rockhouse.com/
37,37,https://www.affordabletours.com/
38,38,https://www.totallyspain.com/
39,39,https://dreamworldtravel.co.uk/
40,40,https://www.joytours.com/
41,41,https://njewasafaris.com/
42,42,https://www.nepalspiritualtrekking.com/
43,43,https://www.aandftour.com//
44,44,https://inkaexperience.com/
45,45,http://www.peru-travels.com/
46,46,https://www.shiptoshoretravelltd.com/
47,47,https://www.hnltravel.com/index.html
48,48,https://islanddreamsworldtravel.com/
49,49,http://www.okeanostravel.com/
50,50,https://www.discovermongolia.mn/
51,51,https://www.turansa.com/
52,52,https://albatros-travel.com/
53,53,http://www.kenyadreamholidays.com/
54,54,https://fts-travels.com/
55,55,http://www.aimadventures.com/
56,56,https://www.nbitravel.com/
57,57,http://www.justcruisinplus.com/
58,58,https://www.dwwatsontravel.com/
59,59,http://essentialdownunder.com/
60,60,https://www.phuket-trips.com/
61,61,http://www.golfholidaysintl.com/
62,62,http://www.zentravel.gr/
63,63,https://circuitosturquia.com/
64,64,http://www.jjbtravel.com/
65,65,https://www.ethiousatour.com/
66,66,https://agavetravelcreative.com/
67,67,https://www.oberoihotels.com/hotels-in-jaipur-rajvilas-resort/?utm_source=affred&utm_medium=aff&utm_campaign=gbl-affmkt&_affclk=ttuk:118609::0::118609::143859c9f626eb0724f38065d097d658::::1606071865:902jip
68,68,https://www.jumeirah.com/en/stay/dubai/burj-al-arab-jumeirah
69,69,https://tierrahotels.com/patagonia/
70,70,https://www.hotelcaferoyal.com/
71,71,https://www.ritzparis.com/en-GB
72,72,https://www.thehousecollective.com/en/the-middle-house/
73,73,https://www.grandhoteltremezzo.com/en/home/
74,74,https://www.waldorfastorialoscabospedregal.com/
75,75,https://www.andbeyond.com/our-lodges/africa/south-africa/kruger-national-park/ngala-private-game-reserve/andbeyond-ngala-safari-lodge/
76,76,https://novotel.accor.com/gb/usa/index.shtml
77,77,https://www.delta.com/apac/en
78,78,https://www.jal.co.jp/inl/en/
79,79,https://www.spicejet.com/
80,80,https://www.airnewzealand.co.nz/homepage
81,81,https://www.finnair.com/
82,82,https://www.britishairways.com/travel/home/public/en_in/
83,83,https://www.airvistara.com/in/en
84,84,https://www.singaporeair.com/en_UK/in/home#/book/bookflight
85,85,https://www.olacabs.com/
86,86,https://www.meru.in/
87,87,https://www.carzonrent.com/
88,88,https://www.bharattaxi.com/
89,89,https://www.megacabs.com/
90,90,http://www.mytaxiindia.com/
91,91,https://www.zoomcar.com/bangalore/
92,92,https://www.lyft.com/
93,93,https://www.grab.com/sg/transport/taxi/
94,94,http://www.bitaksi.com/en/
95,95,https://www.avaseakrabi.com/
96,96,https://www.fariyas.com/resort-in-lonavala/
97,97,https://www.fernhotels.com/
98,98,https://www.tajhotels.com/
99,99,https://www.montriresort-bangkok.com/
100,100,https://www.tridenthotels.com/
101,101,https://www.tropicanaalibaug.com/
102,102,https://www.anantara.com/en/riverside-bangkok
103,103,http://sunbeachresortgorai.com/
104,104,https://waterfrontshaw.com/
105,105,https://www.alliancehospitality.in/moksh_farms.html
106,106,https://www.silenthillsresort.com/
107,107,https://www.fubo.tv/lp/StreamTV/?irad=343747&irmp=398453&subId1=streamingservices&subId2=ckhgo1ujg00003r8zaneft7pl
108,108,https://www.hulu.com/
109,109,https://tv.youtube.com/
110,110,https://www.attwatchtv.com/
111,111,https://www.klowdtv.com/
112,112,https://corporate.pluto.tv/
113,113,https://www.xumo.tv/
114,114,https://www.zee5.com/
115,115,https://www.netflix.com/in/
116,116,https://www.bravotv.com
117,117,https://watch.diynetwork.com/watch/diy
118,118,https://abc.com
119,119,https://www.plex.tv
120,120,https://www.popcornflix.com/pages/discover/d/movies
121,121,https://www.netflix.com/in/
122,122,https://www.aetv.com
123,123,https://www.amebatv.com
124,124,https://www.ahctv.com
125,125,https://www.amc.com
126,126,https://www.cbs.com
127,127,https://www.contv.com/browse-movie/
128,128,https://www.epix.com
129,129,https://www.freeform.com
130,130,https://www.hmnow.com
131,131,https://www.here.tv
132,132,https://www.criterionchannel.com
133,133,https://upfaithandfamily.com
134,134,https://tubitv.com
135,135,https://www.iflix.com
136,136,https://www.vudu.com
137,137,https://123moviesfree.net/home
138,138,https://putlocker-is.org
139,139,https://www.kanopy.com
140,140,https://www.apple.com/itunes/
141,141,https://www.spotify.com/in/
142,142,https://music.youtube.com
143,143,https://music.amazon.in
144,144,https://www.hungama.com
145,145,https://soundcloud.com
146,146,https://www.jamendo.com/?language=en
147,147,https://www.soundclick.com
148,148,https://www.joox.com/intl
149,149,https://www.idagio.com
150,150,https://tidal.com
151,151,https://gaana.com
152,152,https://www.jiosaavn.com
153,153,https://www.apple.com/in/apple-music/
154,154,https://www.livexlive.com
155,155,https://us.napster.com
156,156,https://www.primephonic.com
157,157,https://groovesharks.org
158,158,https://www.murfie.com
159,159,https://www.anghami.com
160,160,https://www.epidemicsound.com
161,161,https://www.last.fm
162,162,https://blip.fm
163,163,https://www.jango.com
164,164,https://www.iheart.com/podcast/
165,165,https://vimeo.com
166,166,https://www.twitch.tv
167,167,https://livestream.com
168,168,https://www.periscope.tv
169,169,https://www.dacast.com
170,170,https://video.ibm.com
171,171,https://www.shoutcast.com
172,172,https://www.panopto.com
173,173,https://streamlabs.com
174,174,https://corp.kaltura.com
175,175,https://www.vplayed.com
176,176,https://dlive.tv
177,177,https://www.vmix.com
178,178,http://www.live555.com
179,179,https://www.facebook.com/formedia/solutions/facebook-live
180,180,https://clipbucket.com
181,181,https://www.ventunotech.com
182,182,https://www.shift72.com
183,183,https://instagib.tv
184,184,https://switchboard.live
185,185,https://streamyard.com
186,186,https://www.primevideo.com
187,187,https://mubi.com
188,188,https://www.sho.com/video/full-episodes
189,189,https://azm.to
190,190,https://www.broadwayhd.com
191,191,https://www.cameleon.live
192,192,https://www.hidive.com
193,193,https://www.medici.tv/en/
194,194,http://www.metacdn.com
195,195,https://quibi.com
196,196,https://www.shemarooent.com
197,197,https://www.siriusxm.com
198,198,https://www.att.com/tv/
199,199,https://tunein.com
200,200,https://www.purevolume.com/?safari=1
201,201,https://wynk.in/music
202,202,https://watch.mhzchoice.com
203,203,https://www.pantaya.com/en/movies
204,204,https://spuul.com
205,205,https://solarmovie.mom
206,206,https://gostreamsite.ga
207,207,https://www.imdb.com/tv/
208,208,https://moviestars.to
209,209,https://www.stream4u.net
210,210,https://ww5.fmovie.sc
211,211,http://www.streamlord.com/index.html
212,212,https://flixtor.is/home
213,213,https://www.yidio.com
214,214,https://sports.inquirer.net/
215,215,https://wwos.nine.com.au/
216,216,https://www.essentiallysports.com/
217,217,https://www.insidesport.co/
218,218,https://www.sportsnet.ca/
219,219,https://www.theroar.com.au/
220,220,https://canoe.com/category/sports/
221,221,https://sportscafe.in/
222,222,https://www.footballcritic.com/
223,223,https://www.whatproswear.com/
224,224,https://www.sportscrunch.in/
225,225,https://arysports.tv/
226,226,https://usatodayhss.com/
227,227,https://www.thesportsnews.in/
228,228,https://unafraidshow.com/
229,229,https://worldinsport.com/
230,230,http://www.indiansportsnews.com/
231,231,https://www.sportsnewsireland.com/
232,232,https://westwoodonesports.com/
233,233,https://xtratime.in/
234,234,https://www.sportelo.com.ng/
235,235,https://sportsrenegade.com/
236,236,https://www.thesportsmirror.com/
237,237,https://franchisesports.co.uk/
238,238,https://pacificnwsports.com/
239,239,https://247sportsgist.com/
240,240,https://www.sportelo.com.ng/
241,241,https://sportsrenegade.com/
242,242,https://prosportsoutlook.com/
243,243,https://www.sportskanazee.com/
244,244,https://tksportstalk.com/
245,245,https://daenadsports.blogspot.com/
246,246,https://sportsevolve.blogspot.com/
247,247,https://www.sportspac12.com/
248,248,http://www.manunitedforever.net/
249,249,https://sportsration.com/
250,250,https://www.footballaudit.com/
251,251,https://www.csipacific.ca/
252,252,https://www.thebuzzsports.com/
253,253,https://prosportsoutlook.com/
254,254,https://www.sporttechie.com/
255,255,https://sportsnewsmoney.com/
256,256,https://globalmoneyworld.com/index.php/category/global-world-sports/
257,257,https://www.scout.com/
258,258,https://sportsevolve.blogspot.com/
259,259,https://seriouslysports.com/
260,260,https://sportstar.thehindu.com/
261,261,https://sportsinfonow.com/
262,262,https://www.sportsmanagement.co.uk/index.cfm
263,263,https://www.completesports.com/
264,264,https://sportgrill.blog/
265,265,https://blog.betzcenter.com/
266,266,https://www.recreationtipsy.com/
267,267,https://www.sportsplatform.in/
268,268,https://sportspages.in/blog/
269,269,https://benwsportblog.wordpress.com/
270,270,https://www.sportshype.online/
271,271,http://kridangan.com/
272,272,https://www.athletesanon.com/blog
273,273,http://dailysport.co.ke/
274,274,https://sportsvilla.wordpress.com/
275,275,https://www.goal.com/en
276,276,https://www.101greatgoals.com/
277,277,https://www.thisisanfield.com/
278,278,https://sport360.com/
279,279,https://www.criclines.com/
280,280,https://www.cricadium.com/
281,281,https://cricblog.net/
282,282,https://www.cricxtasy.com/
283,283,https://www.beforeyoubet.com.au/
284,284,https://www.zerocric.com/
285,285,https://www.thefulltoss.com/
286,286,https://www.sweepcricket.com/
287,287,https://caribbeancricket.com/news
288,288,https://cricket-cup.blogspot.com/
289,289,https://www.mycricket.ae/
290,290,https://caughtatpoint.com/
291,291,https://www.qldcricket.com.au/
292,292,https://www.starsandstripesfc.com/
293,293,https://www.yoursoccerdose.com/
294,294,https://www.liverpoolecho.co.uk/
295,295,https://www.football.london/
296,296,http://www.avillafan.com/
297,297,http://www.just-football.com/
298,298,https://onefootball.com/en/home
299,299,https://www.nottinghampost.com/sport/football/
300,300,https://www.soccerstats.com/
301,301,https://www.diariogol.com/
302,302,https://crickettimes.com/
303,303,http://www.legaseriea.it/en
304,304,https://arseblog.com/
305,305,https://sportslens.com/
306,306,https://www.transfermarkt.com/
307,307,https://nypost.com/baseball/
308,308,https://razzball.com/
309,309,https://d1baseball.com/
310,310,https://www.baseballamerica.com/
311,311,https://www.baseball-reference.com/
312,312,http://www.badzine.net/
313,313,https://www.badmintonengland.co.uk/
314,314,https://www.badmintonireland.com/
315,315,http://everything-badminton.com/
316,316,https://shuttlesmash.com/
317,317,https://tennisforfree.com/
318,318,https://www.wtatennis.com/
319,319,https://www.tennis.com/
320,320,https://www.tennisexplorer.com/
321,321,https://secondlife.com/
322,322,https://www.paltalk.com/
323,323,https://secure.imvu.com/welcome/ftux/
324,324,https://enterchatroom.com/
325,325,https://www.antichat.me/
326,326,https://chatroulette.com/
327,327,https://rockchat.net/
328,328,https://www.teenchat.com/
329,329,https://www.chatforfree.org/
330,330,https://www.elitesingles.com/
331,331,https://www.charmdate.com/
332,332,https://www.321chat.com/
333,333,https://chat.icq.com/icqchat/
334,334,https://www.tendermeets.com/couple/chat-rooms.html
335,335,https://www.mocospace.com/
336,336,https://tinychat.com/
337,337,https://www.justchat.co.uk/
338,338,https://p.badoo.com/l/2f23922d23e23c25722521422122120b21
339,339,https://www.elitemate.com/
340,340,https://date.com/
341,341,https://www.flirt.com/
342,342,https://www.chatib.us/
343,343,https://www.wireclub.com/
344,344,https://www.match.com/
345,345,https://www.facebook.com/
346,346,https://www.youtube.com/
347,347,https://www.whatsapp.com/
348,348,https://messenger.com/
349,349,https://www.instagram.com/
350,350,https://www.tumblr.com/
351,351,https://www.linkedin.com/
352,352,https://www.snapchat.com/
353,353,https://www.pinterest.com/
354,354,https://line.me/en/
355,355,https://telegram.org/
356,356,https://www.321chat.com/
357,357,https://www.chat-avenue.com/
358,358,https://www.wireclub.com/
359,359,http://www.paltalk.com/
360,360,https://ukchat.com/
361,361,https://www.kidschat.net/
362,362,https://www.teen-chat.org/
363,363,https://www.tinychat.com/
364,364,https://y99.in/
365,365,https://chat.tripsit.me/
366,366,https://www.omegle.com/
367,367,https://allotalk.com/
368,368,http://www.rphaven.com/
369,369,https://www.buzzen.com/
370,370,https://www.chat27.co.za/
371,371,http://b-gay.com/chat/
372,372,https://www.gaychat.zone/
373,373,https://www.buzz50.com/
374,374,https://seniorchatters.co.uk/
375,375,https://www.chatogo.com/
376,376,http://www.healthfulchat.org/all-chat-rooms.html
377,377,http://www.chathour.com/
378,378,https://www.spinchat.com/
379,379,https://xat.com/
380,380,https://www.chatblink.com/chat-list
381,381,https://en.lycos.social/
382,382,https://www.usachatnow.com/
383,383,http://www.icq-chat.com/
384,384,https://secondlife.com/
385,385,http://christianchat.com/
386,386,http://www.vpchat.com/
387,387,http://chattusa.com/
388,388,https://www.camamba.com/
389,389,http://www.blackchat.co.uk/blackchatold/hangout/
390,390,http://www.kidzworld.com/chat
391,391,http://www.jesusrocksonirc.net/
392,392,https://www.chatpit.com/
393,393,https://www.chatfamily.com/
394,394,https://www.diigo.com/
395,395,https://twitpic.com/
396,396,https://hi5.com/
397,397,http://xanga.com/
398,398,https://www.care2.com/
399,399,http://www.orkut.com/
400,400,https://getsatisfaction.com/
401,401,https://www.digitalcameraworld.com
402,402,https://www.cambridgeincolour.com
403,403,https://photographylife.com
404,404,https://fstoppers.com
405,405,https://camerajabber.com
406,406,https://www.diyphotography.net
407,407,https://iphonephotographyschool.com
408,408,https://www.dpreview.com
409,409,https://www.thesprucecrafts.com/photography-4162939
410,410,https://500px.com
411,411,https://www.thephotoargus.com
412,412,https://levonbiss.com
413,413,https://www.petermckinnon.com
414,414,https://www.mpkelley.com
415,415,https://blazinphoto.com
416,416,http://www.harisnukem.com
417,417,https://www.lieben.no
418,418,https://www.branditoolephoto.com
419,419,http://www.sanzlena.com
420,420,https://www.kaylafisherphotography.com
421,421,https://www.mathieustern.com
422,422,https://cassandraladru.com
423,423,https://www.danielkennedy.com
424,424,https://daniloandsharon.com
425,425,https://www.adambirdphotography.com
426,426,https://www.moyo-studio.com
427,427,https://alexisjuliaphoto.com
428,428,https://www.davemorrowphotography.com/photography-fundamentals
429,429,https://www.dodho.com
430,430,https://thefashioncamera.com
431,431,https://www.featureshoot.com
432,432,http://intothenightphoto.blogspot.com
433,433,https://www.fionakellyphotography.com/blog/
434,434,https://www.behindtheshutter.com
435,435,https://petapixel.com
436,436,https://www.lightstalking.com
437,437,https://www.photo.net
438,438,https://www.picturecorrect.com
439,439,https://www.slrlounge.com
440,440,https://www.popphoto.com
441,441,https://photography.tutsplus.com
442,442,https://www.creativelive.com/photography?via=hero-freeform_1
443,443,https://www.whatsthebest.co.uk/tech/photography/
444,444,https://tomhull.co.uk
445,445,https://www.linnimages.com
446,446,https://www.amitmehra.com
447,447,https://www.jillgreenberg.com
448,448,https://www.jonathanglynnsmith.com
449,449,https://www.nateluebbe.com
450,450,http://www.brentstirton.com
451,451,http://www.dollyave.com
452,452,https://east.co
453,453,https://www.360cities.net/
454,454,https://www.bbc.com/news/in_pictures
455,455,https://www.blipfoto.com/
456,456,https://c4fap.org/
457,457,https://www.deviantart.com/
458,458,https://www.coolphotoideas.com/
459,459,https://www.digitalphotopro.com/technique/
460,460,https://www.dpreview.com/
461,461,https://digital-photography-school.com/
462,462,http://www.ephotozine.com/
463,463,https://filemagazine.com/
464,464,https://www.ippawards.com/
465,465,https://morguefile.com/
466,466,https://www.capture-life.de/
467,467,https://www.morganleephotographer.com/
468,468,https://www.bulbcreative.co/
469,469,https://josephhardin.com/
470,470,https://rmweddingfilms.co.uk/
471,471,https://mlphotofilm.com/
472,472,https://www.velare.co/
473,473,https://www.roseyredphotography.com/
474,474,https://www.outdoorphotographer.com/
475,475,https://www.naturephotographers.network/
476,476,http://www.pawspetphotography.co.uk/galleries/
477,477,https://www.photo.net/
478,478,https://psa-photo.org/
479,479,https://www.photographytalk.com/2
480,480,http://markhancock.blogspot.com/
481,481,http://www.photopreneur.com/
482,482,http://pimpyourcam.com/
483,483,https://www.pixyblog.com/
484,484,https://rps.org/
485,485,https://www.jillgreenberg.com/
486,486,https://strobist.blogspot.com/
487,487,https://thealbumcafe.com/
488,488,https://theonlinephotographer.typepad.com/the_online_photographer/
489,489,https://www.jonathanglynnsmith.com/
490,490,http://www.weatherscapes.com/
491,491,http://www.weatherscapes.com/
492,492,https://www.jasonbellphoto.com/#/home/
493,493,https://www.danielkennedy.com/
494,494,https://news.google.com/
495,495,https://news.yahoo.com/
496,496,https://edition.cnn.com/
497,497,https://www.bbc.com/news
498,498,https://www.nytimes.com/
499,499,https://www.theguardian.com/international
500,500,https://www.washingtonpost.com/
501,501,https://www.indiatimes.com/
502,502,https://www.foxnews.com/
503,503,https://www.usatoday.com/
504,504,https://www.wsj.com/
505,505,https://www.nbcnews.com/
506,506,http://timesofindia.indiatimes.com/
507,507,https://abcnews.go.com/
508,508,https://sputniknews.com/
509,509,https://www.abc.net.au/news/
510,510,https://www.independent.co.uk/
511,511,https://www.cbc.ca/news/
512,512,https://www.thesun.co.uk/news/
513,513,https://time.com/
514,514,https://www.latimes.com/
515,515,https://www.mirror.co.uk/https://news.sky.com/
516,516,https://www.vox.com/
517,517,https://www.smh.com.au/
518,518,https://www.scmp.com/
519,519,https://www.ctvnews.ca/
520,520,https://www.france24.com/en/
521,521,https://news24online.com/
522,522,https://globalnews.ca/
523,523,https://www.channelnewsasia.com/
524,524,https://www.dkoding.in/
525,525,https://ifp.co.in/
526,526,https://www.rawstory.com/
527,527,https://www.thestar.com/
528,528,https://www.washingtontimes.com/
529,529,https://www.todayonline.com/
530,530,https://www.telegraphindia.com/
531,531,https://www.newsnow.co.uk/h/World+News
532,532,https://www.csmonitor.com/
533,533,https://www.easternherald.com/
534,534,https://world.wng.org/
535,535,https://newsblaze.com/
536,536,https://www.neweurope.eu/
537,537,https://www.watchdoguganda.com/
538,538,https://headlinecode.com/
539,539,https://warritatafo.com/
540,540,https://www.newsrust.com/
541,541,https://globalpressjournal.com/
542,542,https://newslanes.com/
543,543,https://www.thenexthint.com/
544,544,https://digitalive.world/
545,545,https://www.newyorker.com/
546,546,https://www.bbc.com/
547,547,https://newszetu.com/
548,548,https://weeklyworldnews.com/
549,549,https://newsblenda.com/
550,550,https://www.chron.com/
551,551,https://www.news.com.au/
552,552,https://www.nzherald.co.nz/
553,553,https://english.alarabiya.net/
554,554,https://www.scmp.com/
555,555,https://abcnews.go.com/
556,556,https://www.theguardian.com/
557,557,http://www.bbc.com/
558,558,https://www.huffpost.com/
559,559,https://www.bloomberg.com/
560,560,https://www.thedailybeast.com/
561,561,https://publictv.in/
562,562,http://www.neduwealth.com/
563,563,https://yerozo.com/
564,564,https://zemocity.com/
565,565,https://newsobservatory.com/
566,566,https://lionnetnews.com/
567,567,https://www.thetimesinplainenglish.com/
568,568,https://richardsnewsonline.com/
569,569,https://balticword.eu/
570,570,https://www.thelifecart.com/
571,571,https://rightnowtimes.com/
572,572,https://amnews247.com/
573,573,https://thedetrend.com/
574,574,https://breakingnewscentral.com/
575,575,https://timespek.com/
576,576,https://www.igorbnews.com/
577,577,https://globalvisionuk.com/
578,578,http://theweeklytide.com/
579,579,http://www.justworldnews.com/
580,580,https://www.avjnews.com/
581,581,https://dainikviral.com/
582,582,https://awkwardvibes.com/
583,583,https://www.theworldwomennews.com/
584,584,https://quicktrendnews.wordpress.com/
585,585,https://thedailycanvas.com/
586,586,https://www.excite-news.site/
587,587,https://www.worldpresslive.com/
588,588,https://reporterfox.com/
589,589,https://www.suresource24.com/
590,590,http://moef.gov.in
591,591,http://goidirectory.nic.in/index.php
592,592,https://pensionersportal.gov.in
593,593,https://www.mea.gov.in
594,594,https://www.nvsp.in
595,595,https://www.finmin.nic.in
596,596,https://www.mod.gov.in
597,597,http://socialjustice.nic.in
598,598,http://www.nmdfc.org
599,599,https://mib.gov.in
600,600,https://bombayhighcourt.nic.in
601,601,https://lawmin.gov.in
602,602,https://mumbaipolice.co.in
603,603,http://narcoticsindia.nic.in
604,604,https://www.upsc.gov.in
605,605,https://www.indianarmy.nic.in/home
606,606,http://www.ncbc.nic.in/Home.aspx
607,607,https://indianairforce.nic.in
608,608,http://ifs.nic.in
609,609,https://ips.gov.in
610,610,https://www.mha.gov.in
611,611,https://www.nia.gov.in
612,612,https://crpf.gov.in
613,613,https://polisen.se/en/
614,614,https://www.rcmp-grc.gc.ca
615,615,https://www.canada.ca/en/security-intelligence-service.html
616,616,https://www.fbi.gov
617,617,https://www.cia.gov/index.html
618,618,https://www.interpol.int/en
619,619,http://government.ru/en/structure/
620,620,https://www.asis.gov.au
621,621,https://www.dea.gov
622,622,https://www.ice.gov
623,623,https://www.cbic.gov.in
624,624,https://www.prisonministryindia.org
625,625,https://www.bjs.gov
626,626,https://www.ncjrs.gov
627,627,https://www.justice.gov
628,628,https://doj.gov.in
629,629,https://nij.ojp.gov
630,630,https://www.indianembassyusa.gov.in
631,631,https://www.gst.gov.in
632,632,https://www.incometaxindia.gov.in/Pages/default.aspx
633,633,https://in.usembassy.gov
634,634,https://portal2.passportindia.gov.in/AppOnlineProject/welcomeLink
635,635,https://www.dof.gov.ph
636,636,https://www.gov.scot
637,637,http://www.police-foundation.org.uk
638,638,https://bja.ojp.gov
639,639,https://www.ojp.gov
640,640,https://nicic.gov
641,641,https://ovc.ojp.gov
642,642,https://www.atf.gov
643,643,https://www.policefoundationindia.org
644,644,https://cops.usdoj.gov
645,645,https://www.bop.gov
646,646,https://cabsec.gov.in/index.php
647,647,http://ncdrc.nic.in
648,648,https://www.legislation.gov.uk
649,649,https://www.indiacode.nic.in
650,650,https://legalaffairs.gov.in
651,651,https://www.congress.gov
652,652,https://leginfo.legislature.ca.gov
653,653,https://www.pmindia.gov.in/en/
654,654,https://persmin.gov.in
655,655,http://www.legislation.govt.nz
656,656,https://eci.gov.in
657,657,https://ceo.maharashtra.gov.in
658,658,https://eci.gov.in
659,659,https://www.fec.gov
660,660,https://rti.gov.in
661,661,https://www.legislation.sa.gov.au/index.aspx
662,662,https://vote.gov
663,663,https://www.eac.gov
664,664,https://www.electoralcommission.org.uk
665,665,https://loksabha.nic.in
666,666,https://www.lawcom.gov.uk
667,667,https://www.parliament.uk
668,668,https://www.legis.state.pa.us
669,669,https://www.legislation.wa.gov.au
670,670,https://eparlib.nic.in
671,671,https://www.ipu.org
672,672,https://districts.ecourts.gov.in
673,673,https://www.legis.iowa.gov
674,674,https://www.army.mod.uk
675,675,http://www.stmaryskids.org/
676,676,http://www.kidswithfoodallergies.org/
677,677,http://www.malecare.org/
678,678,http://www.degosdisease.com/
679,679,http://www.freedomhealthrecovery.com/
680,680,http://www.freedomhealthrecovery.com/
681,681,http://www.cancer.org/research/cancerfactsstatistics/index
682,682,http://www.nymemory.org/
683,683,http://www.yunkeracupuncture.com/
684,684,http://www.curavet.com/
685,685,http://www.wrlfmd.org/
686,686,http://www.adara.org/
687,687,http://www.learnayurveda.com/research.html
688,688,http://www.securethefuture.com/
689,689,http://www.pocaan.org/
690,690,http://www.idsociety.org/
691,691,http://www.chikungunya.in/
692,692,http://www.asthmastory.com/
693,693,http://www.cellutitis.org/
694,694,http://brokenjawtips.com/
695,695,http://patient.info/
696,696,https://www.mayoclinic.org/
697,697,http://www.en.usz.ch/Pages/default.aspx
698,698,https://www.nm.org/
699,699,https://www.mountsinai.org/
700,700,https://www.hamad.qa/EN/Pages/default.aspx
701,701,https://www.saintfrancis.com/
702,702,http://www.baylorhealth.com/Pages/Default.aspx
703,703,https://www.luriechildrens.org/
704,704,http://www.rivalfitnessseattle.com/
705,705,https://www.studiomix.com/
706,706,https://www.orangetheory.com/en-in/
707,707,https://charlestonkettlebellclub.com/
708,708,https://www.joyoushealth.com/
709,709,http://www.thegymla.com/
710,710,https://republicbos.com/
711,711,https://www.ironbridgecrossfit.com/
712,712,https://crosstownfitness.com/
713,713,http://www.prevailboxing.com/
714,714,http://portlandteamfitness.com/
715,715,https://firebrandsports.com/
716,716,https://pulsepdx.net/
717,717,https://www.push511.com/
718,718,https://www.fulcrumfitness.com/
719,719,https://www.castlehillfitness.com/
720,720,https://www.apollohospitals.com/
721,721,https://www.fortishealthcare.com/
722,722,https://www.maxhealthcare.in/
723,723,https://www.narayanahealth.org/
724,724,https://sgrh.com/
725,725,https://www.ilbs.in/
726,726,https://www.medanta.org/
727,727,https://www.sankaranethralaya.org/
728,728,https://carehospitals.com/
729,729,https://carehospitals.com/
730,730,https://www.ilbs.in/
731,731,https://www.medanta.org/
732,732,https://www.sankaranethralaya.org/
733,733,https://carehospitals.com/
734,734,https://carehospitals.com/
735,735,https://safety.blr.com/
736,736,http://www.rphworld.com/
737,737,http://medlibrary.org/
738,738,http://cshp-nb.ca/
739,739,http://www.oilofpisces.com/
740,740,http://www.aafp.org/
741,741,http://www.oilofpisces.com/
742,742,http://www.stmarymercy.org/
743,743,http://aathermography.com/
744,744,http://www.asma.org/
745,745,http://ecps.md/
746,746,http://www.poh.org/
747,747,http://drpoulter.com/
748,748,http://youngerfaces.com/
749,749,http://www.renewman.com/
750,750,http://www.badyogi.com/blog/
751,751,https://yogawithadriene.com/blog/
752,752,https://www.yogagirl.com/read
753,753,https://www.yogajournal.com/
754,754,https://yogajanda.com/blog/
755,755,https://blog.spiritvoyage.com/
756,756,https://www.yogabasics.com/practice/
757,757,https://www.mindbodygreen.com/
758,758,https://www.yogiapproved.com/
759,759,https://blog.yogamatters.com/
760,760,https://www.yogabycandace.com/blog
761,761,https://iloveveterinary.com/
762,762,https://www.viovet.co.uk/blog
763,763,https://www.vettimes.co.uk/
764,764,https://www.reddit.com/r/AskVet/
765,765,https://www.avma.org/blog
766,766,https://www.petpoisonhelpline.com/blog/
767,767,https://medicalfuturist.com/
768,768,https://www.webmd.com/
769,769,https://www.everydayhealth.com/
770,770,https://www.health.com/
771,771,https://www.medscape.com/
772,772,https://www.healthline.com/
773,773,https://www.mercola.com/
774,774,http://www.chess-poster.com/
775,775,http://onlinechessstrategy.com/
776,776,http://www.chessebook.com/
777,777,http://www.chessvideos.tv/
778,778,http://www.thechessworld.com/
779,779,http://www.chess.com/
780,780,http://chessbomb.com/
781,781,http://www.chessdom.com/
782,782,http://www.chessdryad.com/
783,783,http://www.chessgames.com/http://www.setupgroup.com/xo/
784,784,http://www.di.fc.ul.pt/~jpn/gv/
785,785,http://www.5straight.net/
786,786,http://boardgamegeek.com/boardgame/369/5ive-straight
787,787,http://www.boardgamegeek.com/game/2545
788,788,http://www.boardgamegeek.com/game/5120
789,789,https://en.wikipedia.org/wiki/Morabaraba
790,790,http://www.tradgames.org.uk/games/Nine-Mens-Morris.htm
791,791,http://www.cox-tv.com/games/rules/morris.html
792,792,http://www.chess.4mg.com/
793,793,http://www.chesspals.com/
794,794,https://www.pagat.com/adders/
795,795,http://members.tripod.com/~Germantown_Peggers/cribfrms.htm
796,796,http://www.cribbage.org/
797,797,http://www.pagat.com/rummy/handfoot.html
798,798,http://ace2three.com/
799,799,http://ginrummytournaments.com/
800,800,http://cardgames.io/ginrummy/
801,801,http://www.onlinecasinoreports.com/casinogames/online-gin-rummy.php
802,802,https://www.pagat.com/rummy/ginrummy.html
803,803,http://www.mu.org/~doug/mao/
804,804,http://www.wikipedia.org/wiki/President_(game)
805,805,http://www.realbeer.com/fun/games/games-353.php
806,806,http://www.pagat.com/patience/
807,807,http://www.chessandpoker.com/solitaire_strategy.html
808,808,http://www.pagat.com/invented/cribbage_solitaire.html
809,809,http://www.funagain.com/cgi-bin/funagain/04222
810,810,http://www.rpg.net/news+reviews/reviews/rev_4588.html
811,811,http://www.pevans.co.uk/Reviews/BigCheese.html
812,812,http://www.angelfire.com/pq/Urhixidur/Nuke/Nuke.html
813,813,http://www.atlas-games.com/onceuponatime/
814,814,http://gamecabinet.com/rules/OnceUponATimeVariant.html
815,815,http://www.portmacquariebridge.websyte.com.au/
816,816,http://www.pmhbridge.com.au/
817,817,http://quicktricks.com.au/
818,818,http://www.trumps.net.au/
819,819,http://www.twintowns.bridgeaustralia.org/
820,820,http://www.atarihq.com/museum/coinops/index.html
821,821,http://www.arcadebelgium.be/
822,822,http://www.larwe.com/coinop/index.html
823,823,http://www.games-db.com/Arcade/
824,824,http://www.arcade-history.com/
825,825,http://members.tripod.com/~AWalden/
826,826,http://home.hiwaay.net/~lkseitz/cvg/nexus/
827,827,http://members.tripod.com/~hamishf/
828,828,http://members.tripod.com/mannix20/
829,829,http://members.tripod.com/nylatenite/gamersparadise.htm
830,830,http://www.russprince.com/cabinet/
831,831,http://txshowdown.com/
832,832,http://www.vaps.org/
833,833,http://www.ionpool.net/arcade/asteroidtech/asteroidsrepair.html
834,834,http://www.ionpool.net/arcade/irobot/anderson/
835,835,http://www.basementarcade.com/arcade/toobin/
836,836,http://www.flippers.com/
837,837,http://www.ksarcade.net/
838,838,http://economypinballrepair.weebly.com/
839,839,http://mezelmods.com/
840,840,http://www.moorepinballs.com/
841,841,http://www.mopinball.com/
842,842,http://www.dickestel.com/classicexpo.htm
843,843,http://www.dickestel.com/classicexpo2004.htm
844,844,http://www.dickestel.com/classic2005.htm
845,845,http://www.bogglewords.com/
846,846,http://bolsboardgames.com/
847,847,http://www.eingang.org/Games/boggle.html
848,848,http://www.worldbunco.com/
849,849,http://www.fillorbust.com/
850,850,http://www.bingogamingnews.com/
851,851,http://nationalmarblestournament.org/
852,852,http://www.tableskittles.com/
853,853,http://www.tradgames.org.uk/games/Table-Skittles.htm
854,854,http://www.etwa.org/
855,855,http://www.apegames.com/
856,856,http://www.augustgames.com/
857,857,http://www.brickcommander.com/
858,858,http://www.clashofarms.com/
859,859,http://www.operationoverkill.com/
860,860,http://www.sunrisedoors.com/
861,861,http://www.wolfysilver.co.uk/WM/
862,862,http://haven.theonering.net/
863,863,http://cobra5.proboards.com/
864,864,http://phobiaverse.proboards.com/
865,865,http://www.roleplayinggames.net/
866,866,http://www.eliteskills.com/rp/
867,867,http://ussagamemnon.iwarp.com/
868,868,http://www.eurogamer.net/article.php?article_id=66766
869,869,http://www.gamespot.com/american-mcgees-alice/summary/
870,870,http://www.loonygames.com/content/2.1/feat/
871,871,http://www.gamerevolution.com/review/pc/alice
872,872,http://www.mobygames.com/game/arabian-nights
873,873,https://www.reddit.com/
874,874,https://www.quora.com/
875,875,https://stackoverflow.com/
876,876,https://www.indiaforums.com/
877,877,https://answers.google.com/
878,878,http://www.aelyria.com/
879,879,https://www.airliners.net/forum/
880,880,https://www.alternatehistory.com/
881,881,https://arstechnica.com/civis/
882,882,https://atrl.net/
883,883,https://forums.craigslist.org/?areaID=85
884,884,https://www.eevblog.com/
885,885,https://www.fark.com/
886,886,https://thehub.online/hub-forums/
887,887,https://www.wattpad.com/
888,888,https://www.skyscrapercity.com/forums/india.450/
889,889,https://deliciouslyella.com/
890,890,https://pinchofyum.com/
891,891,https://balancedbites.com/
892,892,https://cookieandkate.com/
893,893,https://runningonrealfood.com/
894,894,https://www.afamilyfeast.com/
895,895,https://myfoodstory.com/
896,896,https://greenkitchenstories.com/
897,897,https://www.loveandlemons.com/
898,898,https://www.thepioneerwoman.com/
899,899,https://recipesfromapantry.com/
900,900,https://www.sproutedkitchen.com/
901,901,https://sallysbakingaddiction.com/
902,902,https://ohsheglows.com/
903,903,https://www.cookrepublic.com/
904,904,https://thefirstmess.com/
905,905,https://olivebarandkitchen.com/
906,906,http://www.moxhe.com.au/
907,907,https://www.risotteriamelottinyc.com/
908,908,http://elburro.no/
909,909,https://www.7thheaven.in/
910,910,http://teavilla.in/
911,911,https://www.theproteinbar.com/
912,912,http://www.easybistro.com/
913,913,https://www.ililinyc.com/
914,914,https://www.foxinthesnow.com/
915,915,http://susiecakes.com/
916,916,https://www.gaylesbakery.com/
917,917,https://www.jillycakesorlando.com/
918,918,https://iloveladycakes.com/
919,919,https://www.portosbakery.com/
920,920,https://www.bakerynouveau.com/
921,921,https://buzzbakeshop.com/
922,922,https://www.alessibakery.com/
923,923,https://rakskitchen.net/
924,924,https://www.skinnytaste.com/
925,925,https://cookiesandcups.com/
926,926,https://www.cookingclassy.com/
927,927,https://bakewithshivesh.com/
928,928,https://www.manjulaskitchen.com/
929,929,https://www.100daysofrealfood.com/
930,930,https://www.simplyrecipes.com/
931,931,https://www.thebowwindowcafe.co.uk/
932,932,http://lilacpatisserie.com/
933,933,https://www.henhouseeatery.com/
934,934,https://cafenoseaustin.com/
935,935,https://www.parakeetcafe.com/
936,936,https://www.cloudcitycoffee.com/
937,937,https://littlegoatchicago.com/
938,938,https://www.zinccafe.com/
939,939,https://www.cornertablenantucket.com/
940,940,https://notescoffee.com/
941,941,https://diethood.com/
942,942,https://www.burrobarboston.com/
943,943,https://www.whiskey.kitchen/
944,944,https://www.vegrecipesofindia.com/
945,945,https://www.casknyc.com/
946,946,https://dinnerthendessert.com/
947,947,http://www.tioluchin.com/
948,948,https://www.thecenturybar.com.au/
949,949,https://www.onceuponachef.com/
950,950,https://thewoksoflife.com/
951,951,https://www.dineout.co.in/
952,952,https://www.eazydiner.com/mumbai?loc=mumbai
953,953,https://masterchefmom.blogspot.com/
954,954,https://www.padhuskitchen.com/
955,955,https://www.tacobell.co.in/
956,956,https://skinnyms.com/https://mallikabasu.com/
957,957,http://www.thasneen.com/cooking/
958,958,https://simplytadka.com/
959,959,https://www.aspicyperspective.com/
960,960,https://tastesbetterfromscratch.com/
961,961,https://www.jocooks.com/blog/
962,962,https://www.sanjeevkapoor.com/
963,963,https://www.chefajaychopra.com/
964,964,https://anjuladevi.com/
965,965,http://anjalipathak.com/
966,966,https://smittenkitchen.com//
967,967,https://gimmedelicious.com/
968,968,https://caterbakes.com/
969,969,https://onceuponafoodblog.com/
970,970,https://www.loveandrisotto.com/
971,971,http://thymetomango.com/
972,972,https://rachelhomecooking.com/
973,973,http://www.thegraphicfoodie.co.uk/
974,974,https://cookingforone341683522.wordpress.com/the-blog/
975,975,https://harvestandhoney.com/
976,976,https://www.tastymealsforyou.com/
977,977,http://www.jackieshappyplate.com/
978,978,http://bananaleafindia.com/
979,979,https://www.cadbury.co.uk/
980,980,https://www.lays.com/
981,981,https://hebbarskitchen.com/
982,982,https://pizzabythebay.in/
983,983,https://www.gopapaya.co.in/
984,984,https://www.collegenet.com/
985,985,http://admissionsplus.blogspot.com/
986,986,http://www.nytimes.com/2002/05/07/nyregion/07COLL.html
987,987,http://www.andhrauniversity.info/
988,988,https://www.somaiya.edu/en
989,989,http://www.iitg.ernet.in/
990,990,https://www.kic.org.uk/nottingham-trent/
991,991,http://cujs.soc.srcf.net/
992,992,http://www.realcollegelife.com/
993,993,http://www.columbia.ab.ca/
994,994,http://www.ualberta.ca/NATIVESTUDIES/
995,995,http://www.politicalscience.ualberta.ca/
996,996,http://unschoolers.com/
997,997,http://www.worldwidelearn.com/vocational-training.htm
998,998,http://www.qac.ac.uk/
999,999,http://www.childnow.org/
1000,1000,http://www.execbar.com/
1001,1001,http://agentschoiceonline.com/
1002,1002,http://www.mcqs.com/
1003,1003,http://www.aestheticrealism.org/Education-LR.htm
1004,1004,http://www.instrumentalchemistry.com/
1005,1005,http://www.aesociety.org/
1006,1006,http://www.studyhplc.com/
1007,1007,http://link.springer.com/journal/11094
1008,1008,http://www.synapses.co.uk/alchemy/index.html
1009,1009,http://www.webqc.org/
1010,1010,http://education.jlab.org/elementflashcards/
1011,1011,http://www.chemcollective.org/
1012,1012,http://www.chemguide.co.uk/
1013,1013,http://www.chemistry.co.nz/
1014,1014,http://en.wikipedia.org/wiki/International_Chemistry_Olympiad
1015,1015,http://www.sciencegeek.net/
1016,1016,http://www.quantum-chemistry-history.com/
1017,1017,http://www.chemicalelements.com/elements/al.html
1018,1018,http://www.geopolymer.org/
1019,1019,http://www.chem1.com/acad/webtext/virtualtextbook.html
1020,1020,http://environmentalchemistry.com/
1021,1021,http://en.wikipedia.org/wiki/Joseph_Priestley
1022,1022,http://www.visionlearning.com/library/science/chemistry-1/CHE1.7-bonding.htm
1023,1023,http://www.math.tifr.res.in/
1024,1024,http://www.allaboutcircuits.com/vol_4/chpt_7/index.html
1025,1025,http://www.algebra.com/
1026,1026,http://link.springer.com/journal/10485
1027,1027,http://en.wikipedia.org/wiki/Group_Theory
1028,1028,http://mathworld.wolfram.com/topics/LinearAlgebra.html
1029,1029,http://www.algebra-answer.com/
1030,1030,http://mathworld.wolfram.com/FastFourierTransform.html
1031,1031,http://www.amstat.org/publications/jcgs/
1032,1032,http://mathonline.edusoftmax.com/
1033,1033,http://imammb.oxfordjournals.org/
1034,1034,http://www.calculus.org/
1035,1035,http://en.wikipedia.org/wiki/Fractional_calculus
1036,1036,http://scienceworld.wolfram.com/biography/Eudoxus.html
1037,1037,http://www.shyamsundergupta.com/amicable.htm
1038,1038,http://www.numbertheory.org/ntw/N5.html
1039,1039,http://www.gtcenter.org/
1040,1040,http://www.appliedprobability.org/
1041,1041,http://www.calculator.org/
1042,1042,http://www.lasers.org.uk/Courses/msc.htm
1043,1043,http://darkmattertheories.com/
1044,1044,http://www.mtnmath.com/
1045,1045,http://www.scholarpedia.org/article/Encyclopedia_of_astrophysics
1046,1046,http://www.angelfire.com/geek/alphabeta/
1047,1047,http://www.physics.uoguelph.ca/tutorials/shm/Q.shm.html
1048,1048,http://www.physicsweb.org/bestof/cond-mathttp://www.cristal.org/course/
1049,1049,http://www.worldscienceu.com/
1050,1050,http://www.cosmolearning.com/physics/
1051,1051,http://www.interactivescienceteacher.com/
1052,1052,http://www.fearofphysics.com/
1053,1053,http://www.wondermagnet.com/
1054,1054,http://www.geneticanthropology.org/
1055,1055,http://archaeology.about.com/library/univ/blggsa.htm
1056,1056,http://www.trentu.ca/archaeology/
1057,1057,http://geographyfieldwork.com/
1058,1058,http://www.shodor.org/metweb/index.html
1059,1059,http://en.wikipedia.org/wiki/Geochemistry
1060,1060,http://geostudies.co.uk/
1061,1061,http://www.earthscienceeducation.com/
1062,1062,http://geea.lyellcollection.org/
1063,1063,http://www.earthsciweek.org/
1064,1064,http://www.geomatics.ucalgary.ca/
1065,1065,http://www.synapses.co.uk/science/mvolcano.html
1066,1066,http://en.wikipedia.org/wiki/Quaternary
1067,1067,http://www.journals.elsevier.com/palaeogeography-palaeoclimatology-palaeoecology/
1068,1068,https://explorable.com/
1069,1069,http://www.all-science-fair-projects.com/
1070,1070,http://www.b2science.org/http://www.smu.ca/academic/science/envstud/
1071,1071,http://www.wageningenur.nl/en/Expertise-Services/Chair-groups/Animal-Sciences/Animal-Production-Systems-Group.htm
1072,1072,http://www.agronomy.org/
1073,1073,http://www.getonthebus.org/
1074,1074,http://www.theskyscrapers.org/
1075,1075,http://www.bigear.org/
1076,1076,http://www.colorbasepair.com/bioinformatics_courses_tutorials.html
1077,1077,http://www.astrosociety.org/
1078,1078,http://www.ccmb.res.in/
1079,1079,http://www.biochemist.org/bio/
1080,1080,http://botany.about.com/
1081,1081,http://www.evolutionary-ecology.com/
1082,1082,http://www.learningastronomy.com/
1083,1083,http://www.sciencedirect.com/science/journal/10898603
1084,1084,http://www.springer.com/biomed/journal/418
1085,1085,http://www.biology.lu.se/
1086,1086,http://jmcb.oxfordjournals.org/
1087,1087,http://www.journals.elsevier.com/theoretical-population-biology/
1088,1088,http://www.itrcindia.org/
1089,1089,http://www.agclassroom.org/
1090,1090,http://en.wikipedia.org/wiki/Iodine
1091,1091,http://www.chemicalelements.com/elements/ir.html
1092,1092,http://www.life.illinois.edu/hanks/
1093,1093,http://dinosaurtheory.com/theory.html
1094,1094,http://www.britannica.com/EBchecked/topic/409383/neptunium
1095,1095,http://en.wikipedia.org/wiki/Fire_ecology
1096,1096,http://en.wikipedia.org/wiki/Molecular_evolution
1097,1097,http://www.synapses.co.uk/genetics/
1098,1098,https://www.peapod.com/
1099,1099,https://relianceretail.com/reliance-fresh.html
1100,1100,https://www.amazon.in/alm/storefront?almBrandId=ctnow
1101,1101,https://www.bigbasket.com/?utm_source=google&utm_medium=cpc&utm_campaign=Brand-MUM&gclid=CjwKCAiA7939BRBMEiwA-hX5J8-2dP6c4KbAi3aTcKNlF5o72hQCBLa1UreE1QYGJlSH8RWqSEP0wRoCmpMQAvD_BwE
1102,1102,https://www.instacart.com/
1103,1103,https://www.naturesbasket.co.in/
1104,1104,https://www.starquik.com/
1105,1105,http://www.spencersretail.com/
1106,1106,https://paytmmall.com/supermarket-glpid-101310
1107,1107,https://www.dunzo.com/mumbai
1108,1108,https://www.easyday.in/
1109,1109,https://www.flipkart.com/grocery-supermart-store?marketplace=GROCERY
1110,1110,https://www.patanjaliayurved.net/
1111,1111,https://www.bigmartretail.com/
1112,1112,https://www.suprdaily.com/
1113,1113,https://relianceretail.com/reliance-smart.html
1114,1114,https://www.waitrose.com/ecom/shop/browse/groceries
1115,1115,https://www.asos.com/
1116,1116,http://www.guess.com/
1117,1117,https://www.fashionnova.com/
1118,1118,https://www2.hm.com/en_in/index.html
1119,1119,https://www.urbanic.com/?country_code=IN&utm_source=google&utm_medium=cpc&gclid=CjwKCAiA7939BRBMEiwA-hX5JxrSomTtxmB1OVfePe9Bp00h
1120,1120,http://www.aeropostale.com/
1121,1121,http://www.edgewear.com/
1122,1122,https://www.berrylush.com/
1123,1123,https://www.bonkerscorner.com/product-category/women/?utm_source=google&utm_medium=cpc&utm_campaign=brand-ad&gclid=CjwKCAiA7939BRBMEiwA-h
1124,1124,https://burgerbaeclothing.com/
1125,1125,https://desiminimals.com/
1126,1126,http://www.cottonseedusa.com/
1127,1127,http://www.jimsclothing.com/
1128,1128,http://www.themontanascene.com/
1129,1129,http://www.landsend.com/
1130,1130,http://www.outletshirts.com/
1131,1131,https://shop.mango.com/in
1132,1132,https://www.only.in/
1133,1133,https://www.kdsurfshop.com/
1134,1134,https://hollywoodfashionsecrets.com/
1135,1135,http://www.beltsdirect.com/
1136,1136,https://www.accessorize.com/row/
1137,1137,http://www.hotfingersgloves.com/
1138,1138,https://www.ayeshaaccessories.com/
1139,1139,https://www.bagborroworsteal.com/
1140,1140,https://www.claires.com/
1141,1141,http://www.scarves.com/
1142,1142,http://www.fashionheaven.com/
1143,1143,https://www.jewelsgalaxy.com/
1144,1144,http://rainbowmetals.com/
1145,1145,http://www.lbow.com/
1146,1146,http://www.tropicalenterprises.com/
1147,1147,http://www.lovedesignerbags.com/
1148,1148,http://www.dellamoda.com/
1149,1149,http://www.suspenderstore.com/
1150,1150,http://simplyscarves.com/
1151,1151,http://www.shoplindasstuff.com/
1152,1152,https://inayajewelry.com/
1153,1153,https://viange.in/
1154,1154,http://www.fastballoons.com/
1155,1155,https://www.bigsmall.in/
1156,1156,https://www.giftcart.com/
1157,1157,http://www.americangiftfactory.com/
1158,1158,http://www.americangiftfactory.com/
1159,1159,http://www.basketcreationsplus.com/
1160,1160,http://www.babyblooms.co.uk/
1161,1161,http://www.likeadoll.com/
1162,1162,http://www.msmugs.com/http://www.collagery.com/
1163,1163,http://www.giftsin24.com/
1164,1164,http://www.affirmations.com.au/
1165,1165,http://www.personalcreations.com/
1166,1166,http://wrapsodyonline.com/
1167,1167,http://www.gallerycollection.com/
1168,1168,https://www.archiesonline.com/
1169,1169,http://www.lusonic.com/
1170,1170,https://www.vijaysales.com/?gclid=Cj0KCQiAkuP9BRCkARIsAKGLE8XNFFBps909mKzX4jdv7mqfunBVwGYRtAEKDq0EUJ25g7eJ_S8KLqQaAktIEALw_wcB
1171,1171,http://www.newtube.com/
1172,1172,http://www.angledcables.com/
1173,1173,https://www.ezmaal.com/
1174,1174,http://www.abrown.com/
1175,1175,https://shippingcasesnow.com/
1176,1176,http://www.cordlessworkz.com/
1177,1177,http://www.radioworld.ca/
1178,1178,http://www.ninjaremote.com/
1179,1179,http://www.headphone.com/
1180,1180,https://www.ajio.com/
1181,1181,https://www.shopclues.com/
1182,1182,https://www.tatacliq.com/
1183,1183,https://www.koovs.com/
1184,1184,https://www.cilory.com/
1185,1185,https://www.snapdeal.com/
1186,1186,https://www.westside.com/
1187,1187,https://centralandme.com/
1188,1188,https://www.bata.in/
1189,1189,https://www.stevemadden.in/
1190,1190,https://www.nykaa.com/
1191,1191,https://www.fnp.com/
1192,1192,https://thejodilife.com/https://www.voylla.com/
1193,1193,https://bellofox.com/
1194,1194,https://www.luluandsky.com/
1195,1195,https://www.pipabella.com/
1196,1196,https://www.houseofindya.com/women-accessories/cat
1197,1197,https://www.maccosmetics.com/
1198,1198,http://www.kasrl.org/jaffe.html
1199,1199,https://www.gmdhshell.com/
1200,1200,http://en.wikipedia.org/wiki/Neural_network
1201,1201,http://cadingandcoding.blogspot.com/
1202,1202,http://www.panzercad.com/
1203,1203,http://www.metalopt.com/
1204,1204,http://qualgorithms.blogspot.com/
1205,1205,http://www.enterthegrid.com/
1206,1206,http://qualgorithms.blogspot.com/
1207,1207,http://www.comcraftfr.com/
1208,1208,http://opsis.sourceforge.net/
1209,1209,http://gailly.net/
1210,1210,http://www.stringology.org/
1211,1211,http://www.siam.org/meetings/da02/
1212,1212,http://www.epaperpress.com/sortsearch/
1213,1213,http://www.agenarisk.com/
1214,1214,http://www.cra.com/bnet
1215,1215,http://qsmm.org/
1216,1216,https://www.tensorflow.org/
1217,1217,http://www.filegate.net/
1218,1218,http://www.idecad.com/
1219,1219,http://www.m8tools.com/
1220,1220,http://www.editcnc.com/
1221,1221,http://www.brightonbased.co.uk/
1222,1222,http://www.flpcdr.com/
1223,1223,http://www.seagrasssoftware.com/
1224,1224,http://vrlab.epfl.ch/
1225,1225,http://www.ec2002.tue.nl/
1226,1226,http://ndb.cs.aau.dk/
1227,1227,http://www.rulequest.com/Personal/
1228,1228,http://www.stroustrup.com/
1229,1229,http://www.hindawi.com/journals/am/
1230,1230,http://www.hcibib.org/hci-sites/BIBLIOGRAPHY.html
1231,1231,http://portal.acm.org/
1232,1232,http://www.pdftask.com/
1233,1233,http://pdfmerge.w69b.com/
1234,1234,http://www.ilovepdf.com/
1235,1235,http://www.mytechtime.com/2009/07/postscript-benefits.html
1236,1236,http://filesystems.org/
1237,1237,http://www.graphicsacademy.com/format.php
1238,1238,http://catb.org/~esr/gif2png/
1239,1239,http://trac.osgeo.org/geotiff/
1240,1240,http://www.help-info.de/en/
1241,1241,http://www.textuality.com/xml/
1242,1242,http://www.postersw.com/
1243,1243,https://products.office.com/en-us/publisher
1244,1244,http://www.ebookcompiler.com/
1245,1245,http://www.retrosoftware.co.uk/
1246,1246,http://www.emigre.com/
1247,1247,http://www.favicon.cc/
1248,1248,http://www.freedom-to-tinker.com/
1249,1249,http://hci4all.at/
1250,1250,http://www.martnet.com/
1251,1251,http://www.interconnect.net/
1252,1252,http://www.cbrdigital.com/
1253,1253,http://www.1lovecards.com/
1254,1254,http://webonthefly.com/
1255,1255,http://fusionlayer.com/
1256,1256,http://www.lqexcel.com/ado.php
1257,1257,http://www.generexe.nl/
1258,1258,http://www.caffeineowl.com/
1259,1259,http://www.flipcode.com/archives/
1260,1260,http://www.freevbcode.com/
1261,1261,http://www.quirksmode.org/js/index.html?dhtmloptions.html
1262,1262,http://lambda-the-ultimate.org/
1263,1263,http://www.snakeisland.com/
1264,1264,http://www.josuttis.com/tmplbook/
1265,1265,http://www.lullsoft.com/
1266,1266,http://windowsbro.blogspot.com/
1267,1267,http://www.hsix.com/
1268,1268,http://www.tagspaces.org/
1269,1269,http://www.tgrmn.com/
1270,1270,http://www.dvdshrink.org/
1271,1271,http://notifier.email.my/
1272,1272,http://www.babylon.com/
1273,1273,http://site.icu-project.org/
1274,1274,http://www.paxit.com/
1275,1275,https://www.acronis.com/en-us/
1276,1276,http://www.cthing.com/
1277,1277,http://www.nbsoft.co.uk/
1278,1278,http://www.hddlife.com/
1279,1279,http://www.pocketsoap.com/4s4c/
1280,1280,http://www.gibney.de/
1281,1281,http://www.adahome.com/
1282,1282,http://juggle.gaertner.de/
1283,1283,http://www.beroset.com/
1284,1284,http://4mhz.de/bfdev.html
1285,1285,http://www.viworld.com/
1286,1286,http://www.argonblue.com/
1287,1287,http://meyerweb.com/
1288,1288,http://www.funshare.mobi/
1289,1289,http://www.alternativepedia.com/
1290,1290,http://www.kasrl.org/jaffe.html
1291,1291,http://www.multiagent.com/
1292,1292,http://www.data-compression.info/
1293,1293,http://www.accrepairs.com/
1294,1294,http://www.globalstar.com/
1295,1295,http://www.easycomm.co.in/
1296,1296,http://www.ephonecards.com.au/
1297,1297,http://www.fibertelcontractors.com/
1298,1298,http://www.americanhelpdesk.com/
1299,1299,http://www.globalentrepreneurshipconsortium.org/
1300,1300,http://howtofreelance.com/
1301,1301,http://www.nofussaccounting.com/
1302,1302,http://www.homeworkingmom.com/
1303,1303,http://www.jewelryshopkeeper.com/
1304,1304,http://www.realtyexecutives.com/
1305,1305,http://www.naiglobal.com/
1306,1306,http://www.globalvaluation.com/
1307,1307,http://www.sunbeltnetwork.com/
1308,1308,http://www.selfstoragebrokersofamerica.com/
1309,1309,http://www.retailstudy.com/
1310,1310,http://www.recapadvisors.com/
1311,1311,http://www.skylinepacific.com/
1312,1312,http://www.lawyersadvantage.com/
1313,1313,http://www.stocktrading.com/
1314,1314,http://www.futurefunds.com.au/
1315,1315,http://www.institutionalfunds.com/
1316,1316,http://www.equitypandit.com/
1317,1317,http://www.jpaerospace.com/
1318,1318,http://www.oysterknife.co.nz/
1319,1319,http://www.southislandaquarium.com/
1320,1320,http://www.industrialsystems.us/
1321,1321,http://www.treemaintenance.com/
1322,1322,http://www.unitednature.com/
1323,1323,http://www.cmaauctions.com/
1324,1324,http://www.milestoneproductions.ie/
1325,1325,http://www.atma.com.au/cbk/
1326,1326,http://www.accaglobal.com/
1327,1327,http://www.treasurers.org/
1328,1328,http://www.agacgfm.org/
1329,1329,http://www.aiaponline.com/
1330,1330,http://www.stevesaircraft.com/
1331,1331,http://www.sunshineaircraft.com/
1332,1332,http://www.vicair.net/
1333,1333,http://www.worldwideaircraft.com/
1334,1334,http://guysaircraft.com/
1335,1335,http://www.jacobstrading.com/
1336,1336,http://www.centralsupplyandrubber.com/
1337,1337,http://www.precisiontrucks.com/
1338,1338,http://www.falcontrailers.com/
1339,1339,http://www.parkwaywrecker.com/
1340,1340,http://www.combswrecker.com/
1341,1341,http://www.costdownconsulting.com/
1342,1342,http://www.accountservices.com/
1343,1343,http://www.nolarindustries.com/
1344,1344,https://www.swmintl.com/
1345,1345,https://www.nextenergysolarfund.com/
1346,1346,https://www.seqifund.com/
1347,1347,https://www.synconaltd.com/
1348,1348,https://www.woodplc.com/
1349,1349,https://www.sabreplc.co.uk/
1350,1350,https://www.cta.tech/
1351,1351,https://www.nyse.com/index
1352,1352,https://www2.deloitte.com/uk/en.html
1353,1353,http://www.hunttextiles.com/
1354,1354,https://www.vesuvius.com/en/index.html
1355,1355,https://iocl.com/
1356,1356,http://www.quixotegroup.com/
1357,1357,http://www.adepto.com/
1358,1358,http://measuredsolutions.com/
1359,1359,http://www.dctleathers.com/
1360,1360,http://www.electrosonic.com/
1361,1361,http://www.avistarentals.com/
1362,1362,http://www.photosoundav.com/
1363,1363,http://www.nextwavemedia.com/
1364,1364,http://www.scottygroup.com/
1365,1365,http://www.tradefirst.com/
1366,1366,http://mtmleadership.co.uk/
1367,1367,http://lightningstrikestudios.com/
1368,1368,http://www.script-fix.com/
1369,1369,http://onesourcerelocation.com/
1370,1370,http://www.relocationmoverservices.com/
1371,1371,http://www.writeworks.biz/
1372,1372,http://www.epicurusconsulting.com/
1373,1373,http://www.freelancers.net/
1374,1374,http://www.interchangegroup.com/
1375,1375,http://www.smartdesks.com/
1376,1376,http://www.artbizdesign.com/
1377,1377,https://www.ncr.com/company/blogs/financial
1378,1378,https://www.americanbanker.com/
1379,1379,https://www.starlingbank.com/blog/
1380,1380,https://www.depositaccounts.com/blog/
1381,1381,https://www.columbiabank.com/
1382,1382,https://blog.watrust.com/
1383,1383,https://www.imb.com.au/blog
1384,1384,https://oceanfirst.com/about/blog/
1385,1385,https://www.rocklandtrust.com/welcome-to-rockland-trust
1386,1386,https://www.amalgamatedbank.com/newresource
1387,1387,https://www.chime.com/blog/
1388,1388,https://bankunderground.co.uk/
1389,1389,https://bankingsupport.info/
1390,1390,http://www.whomedigital.com.au/
1391,1391,http://www.whomedigital.com.au/
1392,1392,http://www.scanstar.com/
1393,1393,https://www8.hp.com/in/en/home.html
1394,1394,http://www.gpscheap.com/
1395,1395,http://www.absbattery.com/
1396,1396,http://www.electroshops.com/
1397,1397,http://www.cleanridge.com/
1398,1398,http://www.creativepetgifts.com/
1399,1399,http://www.htmarket.com/
1400,1400,https://thrivemarket.com/web/membership/welcome
1401,1401,http://www.teasingeroticstories.com
1402,1402,http://xxxfuckstories.com/
1403,1403,http://www.sexstories-wives.com/
1404,1404,http://www.1stsexstories.com
1405,1405,http://www.sexstories-archive.com
1406,1406,http://www9.kinghost.com/fetish/hentaibee/
1407,1407,http://www.geohost.net/adm/zulu/
1408,1408,http://www.little-hooters.com/nude_gallery/gaymale/index.htm
1409,1409,http://www.direct-uk.com
1410,1410,http://www.freepornpasswordsforwomen.com/naked-studs/5index.html
1411,1411,http://www.mypleasure.com
1412,1412,http://www.oldwomen.org/
1413,1413,http://www.webcamslave.com
1414,1414,http://www.buyeuroporn.com/
1415,1415,http://www.analdreamhouse.com/30/03/agecheck/index.html
1416,1416,http://www.world-sex-news.com/
